,amount,quantity,is_cancelled
amount,1.0,0.16312579970688995,-0.014190741704269235
quantity,0.16312579970688995,1.0,0.009661026993185898
is_cancelled,-0.014190741704269235,0.009661026993185898,1.0
